,Host,User,Count
0,061092085098.ctinets.com,Catherine.fakedomain.com,1
1,061092085098.ctinets.com,Clara.fakedomain.com,1
2,061092085098.ctinets.com,Gertrude.fakedomain.com,1
3,061092085098.ctinets.com,Josephine.fakedomain.com,1
4,061092085098.ctinets.com,Katherine.fakedomain.com,1
5,061092085098.ctinets.com,Lillian.fakedomain.com,1
6,061092085098.ctinets.com,Lois.fakedomain.com,1
7,061092085098.ctinets.com,Mabel.fakedomain.com,1
8,061092085098.ctinets.com,Rose.fakedomain.com,1
9,061092085098.ctinets.com,Ruth.fakedomain.com,1
10,150.183.249.110,Alice.fakedomain.com,2
11,150.183.249.110,Ann.fakedomain.com,1
12,150.183.249.110,Anna.fakedomain.com,1
13,150.183.249.110,Bernice.fakedomain.com,2
14,150.183.249.110,Catherine.fakedomain.com,1
15,150.183.249.110,Clara.fakedomain.com,2
16,150.183.249.110,Edith.fakedomain.com,2
17,150.183.249.110,Eleanor.fakedomain.com,1
18,150.183.249.110,Elsie.fakedomain.com,2
19,150.183.249.110,Esther.fakedomain.com,2
20,150.183.249.110,Evelyn.fakedomain.com,1
21,150.183.249.110,Frances.fakedomain.com,1
22,150.183.249.110,Gladys.fakedomain.com,1
23,150.183.249.110,Grace.fakedomain.com,2
24,150.183.249.110,Hazel.fakedomain.com,2
25,150.183.249.110,Helen.fakedomain.com,3
26,150.183.249.110,Irene.fakedomain.com,3
27,150.183.249.110,Jean.fakedomain.com,2
28,150.183.249.110,Jessie.fakedomain.com,2
29,150.183.249.110,Josephine.fakedomain.com,1
30,150.183.249.110,Katherine.fakedomain.com,4
31,150.183.249.110,Laura.fakedomain.com,5
32,150.183.249.110,Lois.fakedomain.com,3
33,150.183.249.110,Louise.fakedomain.com,2
34,150.183.249.110,Lucille.fakedomain.com,3
35,150.183.249.110,Mabel.fakedomain.com,3
36,150.183.249.110,Mae.fakedomain.com,5
37,150.183.249.110,Margaret.fakedomain.com,2
38,150.183.249.110,Marguerite.fakedomain.com,2
39,150.183.249.110,Marian.fakedomain.com,2
40,150.183.249.110,Marie.fakedomain.com,3
41,150.183.249.110,Marion.fakedomain.com,1
42,150.183.249.110,Marjorie.fakedomain.com,2
43,150.183.249.110,Mary.fakedomain.com,1
44,150.183.249.110,Mildred.fakedomain.com,2
45,150.183.249.110,Rose.fakedomain.com,3
46,150.183.249.110,Ruth.fakedomain.com,1
47,150.183.249.110,Virginia.fakedomain.com,2
48,193.110.106.11,Gladys.fakedomain.com,1
49,193.110.106.11,Thelma.fakedomain.com,1
50,195.129.24.210,Ann.fakedomain.com,2
51,195.129.24.210,Catherine.fakedomain.com,1
52,195.129.24.210,Edna.fakedomain.com,1
53,195.129.24.210,Evelyn.fakedomain.com,1
54,195.129.24.210,Mae.fakedomain.com,1
55,195.129.24.210,Marguerite.fakedomain.com,1
56,195.129.24.210,Marian.fakedomain.com,1
57,195.129.24.210,Marjorie.fakedomain.com,1
58,195.129.24.210,Thelma.fakedomain.com,2
59,195.129.24.210,Violet.fakedomain.com,1
60,195.129.24.210,Virginia.fakedomain.com,3
61,200.60.37.201,Ethel.fakedomain.com,1
62,202-132-40-29.adsl.ttn.net,Ethel.fakedomain.com,1
63,202-132-40-29.adsl.ttn.net,Frances.fakedomain.com,1
64,202-132-40-29.adsl.ttn.net,Irene.fakedomain.com,1
65,202-132-40-29.adsl.ttn.net,Jean.fakedomain.com,1
66,202-132-40-29.adsl.ttn.net,Josephine.fakedomain.com,1
67,202-132-40-29.adsl.ttn.net,Louise.fakedomain.com,1
68,202-132-40-29.adsl.ttn.net,Marian.fakedomain.com,1
69,202-132-40-29.adsl.ttn.net,Marion.fakedomain.com,1
70,202.181.236.180,Ann.fakedomain.com,1
71,202.181.236.180,Anna.fakedomain.com,1
72,202.181.236.180,Edith.fakedomain.com,1
73,202.181.236.180,Grace.fakedomain.com,1
74,202.181.236.180,Josephine.fakedomain.com,1
75,202.181.236.180,Louise.fakedomain.com,1
76,202.181.236.180,Lucille.fakedomain.com,1
77,202.181.236.180,Marion.fakedomain.com,1
78,202.181.236.180,Mildred.fakedomain.com,1
79,202.181.236.180,Thelma.fakedomain.com,1
80,203.251.225.101,Esther.fakedomain.com,1
81,203.251.225.101,Lois.fakedomain.com,1
82,203.251.225.101,Mabel.fakedomain.com,1
83,203.251.225.101,Marjorie.fakedomain.com,1
84,203.251.225.101,Virginia.fakedomain.com,1
85,207.243.167.114,Alice.fakedomain.com,1
86,207.243.167.114,Ann.fakedomain.com,1
87,207.243.167.114,Catherine.fakedomain.com,1
88,207.243.167.114,Edith.fakedomain.com,2
89,207.243.167.114,Eleanor.fakedomain.com,1
90,207.243.167.114,Elsie.fakedomain.com,1
91,207.243.167.114,Esther.fakedomain.com,1
92,207.243.167.114,Evelyn.fakedomain.com,1
93,207.243.167.114,Gertrude.fakedomain.com,2
94,207.243.167.114,Hazel.fakedomain.com,1
95,207.243.167.114,Jean.fakedomain.com,1
96,207.243.167.114,Laura.fakedomain.com,1
97,207.243.167.114,Lois.fakedomain.com,1
98,207.243.167.114,Lucille.fakedomain.com,1
99,207.243.167.114,Marjorie.fakedomain.com,2
100,207.243.167.114,Ruth.fakedomain.com,2
101,207.243.167.114,Thelma.fakedomain.com,1
102,207.243.167.114,Violet.fakedomain.com,1
103,207.243.167.114,Virginia.fakedomain.com,1
104,209.152.168.249,Doris.fakedomain.com,2
105,209.152.168.249,Edna.fakedomain.com,1
106,209.152.168.249,Elsie.fakedomain.com,1
107,209.152.168.249,Esther.fakedomain.com,1
108,209.152.168.249,Evelyn.fakedomain.com,1
109,209.152.168.249,Gladys.fakedomain.com,1
110,209.152.168.249,Helen.fakedomain.com,1
111,209.152.168.249,Marion.fakedomain.com,1
112,209.152.168.249,Mary.fakedomain.com,1
113,210.229.150.228,Beatrice.fakedomain.com,1
114,210.229.150.228,Edna.fakedomain.com,1
115,210.229.150.228,Elsie.fakedomain.com,1
116,210.229.150.228,Hazel.fakedomain.com,1
117,210.229.150.228,Violet.fakedomain.com,1
118,210.76.59.29,Doris.fakedomain.com,1
119,210.76.59.29,Elsie.fakedomain.com,2
120,210.76.59.29,Margaret.fakedomain.com,1
121,210.76.59.29,Marguerite.fakedomain.com,1
122,210.76.59.29,Marian.fakedomain.com,1
123,210.76.59.29,Rose.fakedomain.com,1
124,211-76-104-65.ebix.net.tw,Beatrice.fakedomain.com,1
125,211-76-104-65.ebix.net.tw,Catherine.fakedomain.com,1
126,211-76-104-65.ebix.net.tw,Edith.fakedomain.com,1
127,211-76-104-65.ebix.net.tw,Gertrude.fakedomain.com,1
128,211-76-104-65.ebix.net.tw,Grace.fakedomain.com,1
129,211-76-104-65.ebix.net.tw,Irene.fakedomain.com,1
130,211-76-104-65.ebix.net.tw,Lois.fakedomain.com,2
131,211-76-104-65.ebix.net.tw,Mae.fakedomain.com,1
132,211-76-104-65.ebix.net.tw,Thelma.fakedomain.com,1
133,211.115.206.155,Eleanor.fakedomain.com,1
134,211.115.206.155,Ethel.fakedomain.com,1
135,211.115.206.155,Gladys.fakedomain.com,1
136,211.115.206.155,Jean.fakedomain.com,1
137,211.115.206.155,Mildred.fakedomain.com,1
138,211.137.205.253,Bernice.fakedomain.com,1
139,211.137.205.253,Elsie.fakedomain.com,1
140,211.137.205.253,Florence.fakedomain.com,1
141,211.137.205.253,Frances.fakedomain.com,1
142,211.137.205.253,Helen.fakedomain.com,2
143,211.137.205.253,Louise.fakedomain.com,1
144,211.137.205.253,Marian.fakedomain.com,2
145,211.137.205.253,Marion.fakedomain.com,1
146,211.214.161.141,Ann.fakedomain.com,1
147,211.214.161.141,Ethel.fakedomain.com,1
148,211.214.161.141,Grace.fakedomain.com,1
149,211.214.161.141,Helen.fakedomain.com,1
150,211.214.161.141,Josephine.fakedomain.com,1
151,211.214.161.141,Mae.fakedomain.com,2
152,211.214.161.141,Marion.fakedomain.com,1
153,211.214.161.141,Thelma.fakedomain.com,2
154,211.46.224.253,Betty.fakedomain.com,1
155,211.9.58.217,Anna.fakedomain.com,1
156,211.9.58.217,Betty.fakedomain.com,1
157,211.9.58.217,Dorothy.fakedomain.com,1
158,211.9.58.217,Elizabeth.fakedomain.com,2
159,211.9.58.217,Gertrude.fakedomain.com,1
160,211.9.58.217,Josephine.fakedomain.com,2
161,211.9.58.217,Mildred.fakedomain.com,1
162,211.9.58.217,Virginia.fakedomain.com,1
163,212.0.132.20,Esther.fakedomain.com,1
164,212.0.132.20,Marie.fakedomain.com,1
165,212.0.132.20,Violet.fakedomain.com,1
166,212.0.132.20,Virginia.fakedomain.com,1
167,217.60.212.66,Bernice.fakedomain.com,1
168,217.60.212.66,Hazel.fakedomain.com,1
169,217.60.212.66,Katherine.fakedomain.com,1
170,217.60.212.66,Marian.fakedomain.com,1
171,217.60.212.66,Mildred.fakedomain.com,1
172,217.60.212.66,Thelma.fakedomain.com,1
173,218.16.122.48,Betty.fakedomain.com,1
174,218.16.122.48,Doris.fakedomain.com,1
175,218.16.122.48,Esther.fakedomain.com,1
176,218.16.122.48,Mabel.fakedomain.com,1
177,218.16.122.48,Mae.fakedomain.com,1
178,218.188.2.4,Doris.fakedomain.com,1
179,218.188.2.4,Eleanor.fakedomain.com,2
180,218.188.2.4,Esther.fakedomain.com,1
181,218.188.2.4,Ethel.fakedomain.com,1
182,218.188.2.4,Gladys.fakedomain.com,1
183,218.188.2.4,Grace.fakedomain.com,2
184,218.188.2.4,Louise.fakedomain.com,1
185,218.188.2.4,Lucille.fakedomain.com,1
186,218.188.2.4,Mae.fakedomain.com,1
187,218.188.2.4,Marion.fakedomain.com,1
188,218.188.2.4,Mildred.fakedomain.com,1
189,218.188.2.4,Ruth.fakedomain.com,1
190,218.22.3.51,Anna.fakedomain.com,1
191,218.22.3.51,Bernice.fakedomain.com,1
192,218.22.3.51,Betty.fakedomain.com,1
193,218.22.3.51,Dorothy.fakedomain.com,1
194,218.22.3.51,Elsie.fakedomain.com,1
195,218.22.3.51,Evelyn.fakedomain.com,1
196,218.22.3.51,Lois.fakedomain.com,1
197,218.22.3.51,Marguerite.fakedomain.com,1
198,218.22.3.51,Mary.fakedomain.com,1
199,218.55.234.102,Elizabeth.fakedomain.com,1
200,218.55.234.102,Marion.fakedomain.com,2
201,218.55.234.102,Marjorie.fakedomain.com,1
202,218.55.234.102,Thelma.fakedomain.com,1
203,220-135-151-1.hinet-ip.hinet.net,Alice.fakedomain.com,1
204,220-135-151-1.hinet-ip.hinet.net,Ann.fakedomain.com,1
205,220-135-151-1.hinet-ip.hinet.net,Edna.fakedomain.com,1
206,220-135-151-1.hinet-ip.hinet.net,Evelyn.fakedomain.com,1
207,220-135-151-1.hinet-ip.hinet.net,Frances.fakedomain.com,1
208,220-135-151-1.hinet-ip.hinet.net,Grace.fakedomain.com,1
209,220-135-151-1.hinet-ip.hinet.net,Lillian.fakedomain.com,1
210,220-135-151-1.hinet-ip.hinet.net,Mae.fakedomain.com,1
211,220-135-151-1.hinet-ip.hinet.net,Marion.fakedomain.com,1
212,220-135-151-1.hinet-ip.hinet.net,Mildred.fakedomain.com,1
213,220.117.241.87,Doris.fakedomain.com,1
214,220.117.241.87,Elizabeth.fakedomain.com,1
215,220.117.241.87,Elsie.fakedomain.com,1
216,220.117.241.87,Gladys.fakedomain.com,1
217,220.117.241.87,Grace.fakedomain.com,1
218,220.117.241.87,Hazel.fakedomain.com,1
219,220.117.241.87,Jessie.fakedomain.com,1
220,220.117.241.87,Josephine.fakedomain.com,1
221,220.117.241.87,Laura.fakedomain.com,1
222,220.117.241.87,Lois.fakedomain.com,2
223,220.117.241.87,Lucille.fakedomain.com,1
224,220.117.241.87,Mabel.fakedomain.com,1
225,60.30.224.116,Alice.fakedomain.com,1
226,60.30.224.116,Anna.fakedomain.com,1
227,60.30.224.116,Beatrice.fakedomain.com,1
228,60.30.224.116,Bernice.fakedomain.com,1
229,60.30.224.116,Dorothy.fakedomain.com,1
230,60.30.224.116,Edna.fakedomain.com,1
231,60.30.224.116,Esther.fakedomain.com,2
232,60.30.224.116,Ethel.fakedomain.com,1
233,60.30.224.116,Gertrude.fakedomain.com,1
234,60.30.224.116,Hazel.fakedomain.com,2
235,60.30.224.116,Helen.fakedomain.com,1
236,60.30.224.116,Mabel.fakedomain.com,1
237,60.30.224.116,Margaret.fakedomain.com,1
238,60.30.224.116,Marie.fakedomain.com,1
239,60.30.224.116,Marjorie.fakedomain.com,1
240,60.30.224.116,Rose.fakedomain.com,1
241,60.30.224.116,Ruth.fakedomain.com,2
242,61-220-159-99.hinet-ip.hinet.net,Betty.fakedomain.com,1
243,61-220-159-99.hinet-ip.hinet.net,Hazel.fakedomain.com,1
244,61-220-159-99.hinet-ip.hinet.net,Jessie.fakedomain.com,1
245,61.53.154.93,Alice.fakedomain.com,1
246,61.53.154.93,Edith.fakedomain.com,3
247,61.53.154.93,Florence.fakedomain.com,1
248,61.53.154.93,Helen.fakedomain.com,1
249,61.53.154.93,Mabel.fakedomain.com,1
250,61.53.154.93,Marie.fakedomain.com,1
251,61.53.154.93,Thelma.fakedomain.com,1
252,62-192-102-94.dsl.easynet.nl,Alice.fakedomain.com,1
253,62-192-102-94.dsl.easynet.nl,Bernice.fakedomain.com,1
254,62-192-102-94.dsl.easynet.nl,Catherine.fakedomain.com,1
255,62-192-102-94.dsl.easynet.nl,Florence.fakedomain.com,1
256,62-192-102-94.dsl.easynet.nl,Helen.fakedomain.com,1
257,62-192-102-94.dsl.easynet.nl,Josephine.fakedomain.com,1
258,62-192-102-94.dsl.easynet.nl,Mae.fakedomain.com,2
259,62-192-102-94.dsl.easynet.nl,Marguerite.fakedomain.com,1
260,62-192-102-94.dsl.easynet.nl,Violet.fakedomain.com,1
261,65.166.159.14,Catherine.fakedomain.com,1
262,65.166.159.14,Clara.fakedomain.com,1
263,65.166.159.14,Edith.fakedomain.com,1
264,65.166.159.14,Esther.fakedomain.com,1
265,65.166.159.14,Hazel.fakedomain.com,1
266,65.166.159.14,Josephine.fakedomain.com,1
267,65.166.159.14,Louise.fakedomain.com,1
268,65.166.159.14,Marian.fakedomain.com,2
269,65.166.159.14,Marie.fakedomain.com,1
270,68.143.156.89.nw.nuvox.net,Anna.fakedomain.com,1
271,68.143.156.89.nw.nuvox.net,Clara.fakedomain.com,1
272,68.143.156.89.nw.nuvox.net,Edna.fakedomain.com,2
273,68.143.156.89.nw.nuvox.net,Eleanor.fakedomain.com,1
274,68.143.156.89.nw.nuvox.net,Elizabeth.fakedomain.com,1
275,68.143.156.89.nw.nuvox.net,Marguerite.fakedomain.com,2
276,68.143.156.89.nw.nuvox.net,Thelma.fakedomain.com,1
277,68.143.156.89.nw.nuvox.net,Virginia.fakedomain.com,1
278,82.77.200.128,Ann.fakedomain.com,1
279,82.77.200.128,Anna.fakedomain.com,2
280,82.77.200.128,Edna.fakedomain.com,1
281,82.77.200.128,Esther.fakedomain.com,1
282,82.77.200.128,Florence.fakedomain.com,1
283,82.77.200.128,Frances.fakedomain.com,1
284,82.77.200.128,Lillian.fakedomain.com,1
285,82.77.200.128,Marion.fakedomain.com,1
286,82.77.200.128,Rose.fakedomain.com,1
287,85.44.47.166,Beatrice.fakedomain.com,1
288,adsl-70-242-75-179.dsl.ksc2mo.swbell.net,Alice.fakedomain.com,1
289,adsl-70-242-75-179.dsl.ksc2mo.swbell.net,Catherine.fakedomain.com,1
290,adsl-70-242-75-179.dsl.ksc2mo.swbell.net,Esther.fakedomain.com,1
291,adsl-70-242-75-179.dsl.ksc2mo.swbell.net,Evelyn.fakedomain.com,1
292,adsl-70-242-75-179.dsl.ksc2mo.swbell.net,Florence.fakedomain.com,1
293,adsl-70-242-75-179.dsl.ksc2mo.swbell.net,Frances.fakedomain.com,1
294,adsl-70-242-75-179.dsl.ksc2mo.swbell.net,Margaret.fakedomain.com,1
295,adsl-70-242-75-179.dsl.ksc2mo.swbell.net,Rose.fakedomain.com,1
296,adsl-70-242-75-179.dsl.ksc2mo.swbell.net,Violet.fakedomain.com,1
297,adsl-70-242-75-179.dsl.ksc2mo.swbell.net,Virginia.fakedomain.com,1
298,biblioteka.wsi.edu.pl,Alice.fakedomain.com,1
299,biblioteka.wsi.edu.pl,Lillian.fakedomain.com,1
300,biblioteka.wsi.edu.pl,Louise.fakedomain.com,1
301,biblioteka.wsi.edu.pl,Marian.fakedomain.com,1
302,biblioteka.wsi.edu.pl,Marion.fakedomain.com,1
303,biblioteka.wsi.edu.pl,Marjorie.fakedomain.com,1
304,biblioteka.wsi.edu.pl,Rose.fakedomain.com,1
305,biblioteka.wsi.edu.pl,Ruth.fakedomain.com,1
306,c51471f2c.cable.wanadoo.nl,Ann.fakedomain.com,1
307,c51471f2c.cable.wanadoo.nl,Esther.fakedomain.com,1
308,c51471f2c.cable.wanadoo.nl,Florence.fakedomain.com,1
309,c51471f2c.cable.wanadoo.nl,Frances.fakedomain.com,1
310,c51471f2c.cable.wanadoo.nl,Lucille.fakedomain.com,1
311,c51471f2c.cable.wanadoo.nl,Mae.fakedomain.com,2
312,c51471f2c.cable.wanadoo.nl,Marguerite.fakedomain.com,1
313,c51471f2c.cable.wanadoo.nl,Rose.fakedomain.com,1
314,c51471f2c.cable.wanadoo.nl,Violet.fakedomain.com,1
315,c9063558.virtua.com.br,Margaret.fakedomain.com,1
316,c9063558.virtua.com.br,Marguerite.fakedomain.com,1
317,c9063558.virtua.com.br,Marie.fakedomain.com,1
318,c9063558.virtua.com.br,Marion.fakedomain.com,1
319,csnsu.nsuok.edu,Catherine.fakedomain.com,1
320,csnsu.nsuok.edu,Esther.fakedomain.com,1
321,csnsu.nsuok.edu,Frances.fakedomain.com,1
322,csnsu.nsuok.edu,Gladys.fakedomain.com,1
323,csnsu.nsuok.edu,Helen.fakedomain.com,2
324,csnsu.nsuok.edu,Laura.fakedomain.com,1
325,csnsu.nsuok.edu,Lois.fakedomain.com,1
326,csnsu.nsuok.edu,Louise.fakedomain.com,1
327,csnsu.nsuok.edu,Marie.fakedomain.com,1
328,d211-116-254-214.rev.krline.net,Bernice.fakedomain.com,1
329,d211-116-254-214.rev.krline.net,Elsie.fakedomain.com,1
330,d211-116-254-214.rev.krline.net,Jean.fakedomain.com,1
331,d211-116-254-214.rev.krline.net,Mabel.fakedomain.com,1
332,d211-116-254-214.rev.krline.net,Marion.fakedomain.com,1
333,h64-187-1-131.gtconnect.net,Doris.fakedomain.com,2
334,h64-187-1-131.gtconnect.net,Edna.fakedomain.com,1
335,h64-187-1-131.gtconnect.net,Elizabeth.fakedomain.com,1
336,h64-187-1-131.gtconnect.net,Josephine.fakedomain.com,3
337,h64-187-1-131.gtconnect.net,Mabel.fakedomain.com,1
338,h64-187-1-131.gtconnect.net,Marguerite.fakedomain.com,1
339,h64-187-1-131.gtconnect.net,Marie.fakedomain.com,1
340,h64-187-1-131.gtconnect.net,Mary.fakedomain.com,1
341,h64-187-1-131.gtconnect.net,Mildred.fakedomain.com,1
342,h64-187-1-131.gtconnect.net,Rose.fakedomain.com,1
343,ip-216-69-169-168.ip.secureserver.net,Doris.fakedomain.com,1
344,ip-216-69-169-168.ip.secureserver.net,Elsie.fakedomain.com,1
345,ip-216-69-169-168.ip.secureserver.net,Frances.fakedomain.com,1
346,ip-216-69-169-168.ip.secureserver.net,Gertrude.fakedomain.com,1
347,ip-216-69-169-168.ip.secureserver.net,Gladys.fakedomain.com,1
348,ip-216-69-169-168.ip.secureserver.net,Grace.fakedomain.com,1
349,ip-216-69-169-168.ip.secureserver.net,Louise.fakedomain.com,1
350,ip-216-69-169-168.ip.secureserver.net,Lucille.fakedomain.com,1
351,ip-216-69-169-168.ip.secureserver.net,Mabel.fakedomain.com,1
352,ip-216-69-169-168.ip.secureserver.net,Marian.fakedomain.com,1
353,massive.merukuru.org,Anna.fakedomain.com,1
354,massive.merukuru.org,Edna.fakedomain.com,1
355,massive.merukuru.org,Hazel.fakedomain.com,1
356,massive.merukuru.org,Jessie.fakedomain.com,1
357,massive.merukuru.org,Katherine.fakedomain.com,1
358,massive.merukuru.org,Lillian.fakedomain.com,1
359,massive.merukuru.org,Louise.fakedomain.com,1
360,massive.merukuru.org,Mae.fakedomain.com,1
361,massive.merukuru.org,Mildred.fakedomain.com,1
362,massive.merukuru.org,Virginia.fakedomain.com,1
363,n219076184117.netvigator.com,Alice.fakedomain.com,1
364,n219076184117.netvigator.com,Doris.fakedomain.com,1
365,n219076184117.netvigator.com,Dorothy.fakedomain.com,3
366,n219076184117.netvigator.com,Edna.fakedomain.com,1
367,n219076184117.netvigator.com,Elizabeth.fakedomain.com,1
368,n219076184117.netvigator.com,Frances.fakedomain.com,1
369,n219076184117.netvigator.com,Gladys.fakedomain.com,1
370,n219076184117.netvigator.com,Hazel.fakedomain.com,2
371,n219076184117.netvigator.com,Helen.fakedomain.com,1
372,n219076184117.netvigator.com,Jean.fakedomain.com,1
373,n219076184117.netvigator.com,Katherine.fakedomain.com,1
374,n219076184117.netvigator.com,Laura.fakedomain.com,1
375,n219076184117.netvigator.com,Lillian.fakedomain.com,1
376,n219076184117.netvigator.com,Mae.fakedomain.com,1
377,n219076184117.netvigator.com,Marguerite.fakedomain.com,1
378,n219076184117.netvigator.com,Marian.fakedomain.com,2
379,n219076184117.netvigator.com,Marie.fakedomain.com,1
380,n219076184117.netvigator.com,Mary.fakedomain.com,2
381,p15105218.pureserver.info,Anna.fakedomain.com,1
382,p15105218.pureserver.info,Bernice.fakedomain.com,1
383,p15105218.pureserver.info,Catherine.fakedomain.com,1
384,p15105218.pureserver.info,Esther.fakedomain.com,1
385,p15105218.pureserver.info,Frances.fakedomain.com,1
386,p15105218.pureserver.info,Gertrude.fakedomain.com,1
387,p15105218.pureserver.info,Mabel.fakedomain.com,1
388,p15105218.pureserver.info,Marian.fakedomain.com,1
389,p15105218.pureserver.info,Marie.fakedomain.com,1
390,p15105218.pureserver.info,Marion.fakedomain.com,1
391,troi.bluesky-technologies.com,Edna.fakedomain.com,1
392,troi.bluesky-technologies.com,Elizabeth.fakedomain.com,1
393,troi.bluesky-technologies.com,Laura.fakedomain.com,1
394,troi.bluesky-technologies.com,Margaret.fakedomain.com,1
395,troi.bluesky-technologies.com,Marjorie.fakedomain.com,1
396,zummit.com,Ann.fakedomain.com,1
397,zummit.com,Anna.fakedomain.com,1
398,zummit.com,Catherine.fakedomain.com,2
399,zummit.com,Clara.fakedomain.com,1
400,zummit.com,Ethel.fakedomain.com,1
401,zummit.com,Grace.fakedomain.com,1
402,zummit.com,Irene.fakedomain.com,1
403,zummit.com,Lillian.fakedomain.com,1
404,zummit.com,Marian.fakedomain.com,1
